,Year,#Bat,BatAge,R/G,G,PA,AB,R,H,1B,2B,3B,HR,RBI,SB,BB,SO,BA,OBP,SLG,OPS,TB,HBP,SH,BIP
0,2023,661,28.2,4.59,37.82543391188251,113325,101194,0.12124420913302449,0.2213280388263843,0.1414604015001103,0.04499448488859475,0.003741451577321862,0.03113170086035738,0.11634679020516214,0.018936686521067725,0.08588572689168321,0.22751378777851314,0.248,0.319,0.411,0.731,0.3672005294506949,0.011312596514449592,0.002329583057577763,0.6412442091330245
1,2022,790,28.2,4.28,37.45925925925926,182052,163465,0.11434645046470239,0.21793223914046536,0.14214070705073276,0.04361391250851405,0.0035319579021378506,0.0286456616790807,0.10924351284248457,0.013655439105310571,0.08158657965855909,0.2241777074681959,0.243,0.312,0.395,0.706,0.3545470524904972,0.011238547228264452,0.0021422450728363325,0.651802781622833
2,2021,1373,28.4,4.53,37.427130506381225,181821,161941,0.12105312367658301,0.21715863404117236,0.1375308682715418,0.04324582968963981,0.0036904427981366288,0.03269149328185413,0.1154597103744892,0.012171311344674158,0.08686565358236947,0.2317939071944385,0.244,0.317,0.411,0.728,0.3658598291726478,0.0116158199547907,0.004212934699512157,0.6324626968281991
3,2020,618,28.0,4.65,37.030066815144764,66506,59030,0.12546236429795807,0.21710823083631553,0.1363937088383003,0.042447297988151445,0.0036237331970047815,0.03464349081285899,0.11995910143445704,0.013307070038793492,0.09160075782636153,0.23435479505608517,0.245,0.322,0.418,0.74,0.3707334676570535,0.01234475084954741,0.001894565903828226,0.6246353712446997
4,2019,1287,27.9,4.83,38.393783449979416,186517,166651,0.12581694966142495,0.22538964276714724,0.13911332479076974,0.04573845815662916,0.004208731643764375,0.03632912817598396,0.1204769538433494,0.012224086812462134,0.08522011398424809,0.2295930129693272,0.252,0.323,0.435,0.758,0.38853294873925703,0.010637100103475823,0.004160478669504656,0.6337331181608111
5,2018,1271,28.1,4.45,38.07877416700946,185139,165432,0.11683113768573883,0.22155245518232247,0.14217425826001004,0.04463673240106082,0.004574940990282977,0.030166523530968624,0.11130015825946991,0.013362932715419225,0.0847255305473185,0.22257330978346,0.248,0.318,0.409,0.728,0.36583864015685513,0.010381389118446141,0.004445308659979799,0.6474864831288923
6,2017,1229,28.3,4.65,38.126543209876544,185295,165567,0.12187053077525027,0.22782589924174965,0.14527105426482095,0.045316927062252085,0.004290455759734477,0.03294746215494212,0.11634420788472435,0.013637712836288082,0.08542594241614722,0.2164332550797377,0.255,0.324,0.426,0.75,0.38056612428829706,0.00951455786718476,0.004992039720445775,0.6504546803745379
7,2016,1247,28.4,4.48,38.010708401976935,184580,165561,0.11780257882760863,0.22903889912233177,0.1491981796510998,0.044717737566366884,0.004729656517499187,0.030393325387365912,0.11239029147253224,0.013744717737566367,0.0817423339473399,0.21119297865424205,0.255,0.322,0.417,0.739,0.3743959258857948,0.008944631054285404,0.005553147686639939,0.6619514573626611
8,2015,1252,28.4,4.25,37.79909427748044,183628,165488,0.11243927941272573,0.22930054240094103,0.1525693249395517,0.044884222449735334,0.005113599233232405,0.02673339577842159,0.1070098242098155,0.013641710414533732,0.07663863898751824,0.20392314897510183,0.254,0.317,0.405,0.721,0.36461215065240593,0.008724159714204805,0.006534951096782626,0.6772659942928094
9,2014,1212,28.5,4.07,37.84547325102881,183929,165614,0.10743819626051357,0.22614704587096107,0.15453245545835623,0.04423989691674505,0.004615911574574972,0.022758781921284842,0.10191432563652279,0.015027537799911922,0.07622506510664441,0.2035622441268098,0.251,0.314,0.386,0.7,0.3478951117007106,0.00898172664452044,0.007301730559074426,0.6810454033893514
10,2013,1202,28.5,4.17,38.024064171122994,184873,166070,0.10956169911236362,0.22768603311462463,0.15382451737138467,0.04447377388802042,0.004175839630449011,0.02521190222477052,0.10423912631914882,0.014566756638340915,0.07918949765514705,0.19856874719401968,0.253,0.318,0.396,0.714,0.35614719293785463,0.00830840631135969,0.007480811151439096,0.6811054074959567
11,2012,1185,28.5,4.32,37.89711934156379,184180,165251,0.11411119556955153,0.2283798458030188,0.15170485394722555,0.04485286133130633,0.005033119774133999,0.026789010750352917,0.10857856444782278,0.017531762406341623,0.07986209143229449,0.1977739168205017,0.255,0.319,0.405,0.724,0.3636659789336519,0.008111629927245087,0.008030187859702465,0.6793028559018351
12,2011,1173,28.7,4.28,38.13194730341704,185245,165705,0.11232691840535507,0.22816810170314988,0.15340764932926665,0.04533995519447218,0.00484763421414883,0.02457286296526222,0.1069070690167076,0.017700882614915384,0.08107101406245783,0.1861750654538584,0.255,0.321,0.399,0.72,0.3569219142217064,0.008388890388404546,0.008998893357445545,0.6906475208507652
13,2010,1157,28.9,4.38,38.17962962962963,185553,165353,0.11483511449558886,0.22933609265277305,0.1540745770750136,0.045733563995192746,0.004667130146103809,0.0248608214364629,0.10933803279925412,0.015946926215151466,0.08503230882820542,0.18488518105339175,0.257,0.325,0.403,0.728,0.3589863812495621,0.008348019164335797,0.008321072685432194,0.6884016965503118
14,2009,1156,28.9,4.61,38.49362139917695,187079,165849,0.11983707417721925,0.23265037764794552,0.15392427797882177,0.04670219532924593,0.005072723288022707,0.026951181051855098,0.1141977453375312,0.015875646117415636,0.08883947423281074,0.17955516118858877,0.262,0.333,0.418,0.751,0.37035156270880215,0.008499083274980088,0.008739623367668205,0.6873139155116288
15,2008,1188,28.8,4.65,38.639003294892916,187631,166714,0.12036923536089453,0.23435359828599753,0.15559262595200155,0.04804110195010419,0.004722034205435136,0.025997836178456652,0.11480512282085582,0.014917577585793393,0.08706983387606526,0.17525888579179347,0.264,0.333,0.416,0.749,0.36983227718234196,0.008911107439602198,0.00813298442155081,0.6945387489274161
16,2007,1173,29.1,4.8,38.79535170711641,188623,167783,0.12364345811486405,0.23844918170106508,0.1584377302873987,0.04875863494907832,0.004972882416248284,0.02627993404833981,0.11799727498767383,0.015470011610461078,0.08524411126956946,0.17065257153157357,0.268,0.336,0.423,0.758,0.3759933836276594,0.009304273603961341,0.008164433817721063,0.7002221362188068
17,2006,1134,29.2,4.86,38.7136681762042,188071,167341,0.12547920732063955,0.23965949029887648,0.1573873696635845,0.04857208182016366,0.0050619181053963664,0.028638120709731964,0.11958781523998915,0.014712528779024943,0.08426073131955485,0.1683140941452962,0.269,0.337,0.432,0.768,0.38426977045902877,0.009661244955362603,0.008778599571438447,0.7002461836221427
18,2005,1141,29.2,4.59,38.315919374742904,186292,166335,0.11983874777231443,0.23614003821956928,0.15686663946922036,0.04757584866768299,0.004766710325725206,0.026930839756940717,0.11405750112726258,0.013768707190861658,0.08162991432804415,0.1644944495737874,0.264,0.33,0.419,0.749,0.37404182680952486,0.009646146909153372,0.008696025594228416,0.7085060013312434
19,2004,1136,29.3,4.81,38.825988467874794,188539,167353,0.12398495801929574,0.23614212444109706,0.15516153156641332,0.047305862447557266,0.004762940293520174,0.02891179013360631,0.11800211096908332,0.013731906926418408,0.08604055394374639,0.1688138793565257,0.266,0.335,0.428,0.763,0.3797092378765136,0.009812293477742005,0.009181124329714277,0.6971342799102573
20,2003,1134,29.2,4.73,38.56975308641975,187449,166737,0.12258267582115669,0.23503459607679955,0.15518354325709927,0.04709014185191705,0.004982688624639235,0.027778222343144,0.11675709126215664,0.013726400247533996,0.08476438924720857,0.1643166941408063,0.264,0.333,0.422,0.755,0.3754247822074271,0.009864016345779386,0.008674359425763807,0.7045383010845616
21,2002,1101,29.2,4.62,38.46145919208574,186615,165582,0.1200760924898856,0.23187846636122497,0.15321383597245666,0.046620046620046623,0.004935294590467004,0.027109289178254694,0.114310210861935,0.014736221632773357,0.08705623878037672,0.16822870615974064,0.261,0.331,0.417,0.748,0.3696969696969697,0.00935616108029901,0.008750636336843233,0.6994507408300512
22,2001,1137,29.2,4.78,38.48826677645121,186976,166234,0.12407474756118432,0.23467717781961323,0.1533886702036625,0.04713439157966798,0.0049632038336470995,0.029190912202635633,0.11813280848879,0.016595712818757487,0.08453491357179531,0.17330566489816876,0.264,0.332,0.427,0.759,0.37931071367448227,0.01010824918706144,0.008594685948998803,0.6941853499914428
23,2000,1132,29.1,5.14,39.16447097571017,190261,167290,0.13124602519696627,0.23781016603507812,0.15610135550638335,0.04678310321085246,0.005003652876837608,0.029922054441004726,0.12474968595771073,0.015368362407429793,0.09585253940639438,0.16480518866189078,0.27,0.345,0.437,0.782,0.38436673832261997,0.008267590310152895,0.008556666894423975,0.6924960974661123
24,1999,1116,28.9,5.08,39.06342668863262,189692,167137,0.13016363367985997,0.23895050924656813,0.15882588617337579,0.04607468949665774,0.004907956055078759,0.029141977521455833,0.12367943824726399,0.01803449802838285,0.09431604917445122,0.16405014444467875,0.271,0.345,0.434,0.778,0.38226704341775086,0.008324019990300066,0.00845581258039348,0.6956223773274571
25,1998,1097,28.9,4.79,38.70888157894737,188280,167116,0.12373592521776078,0.23629169322285956,0.15819524113023156,0.04642553643509666,0.004774803484172509,0.026896112173358827,0.11727214786488209,0.017442107499468878,0.08735394093902699,0.16939133205863607,0.266,0.335,0.42,0.755,0.3729551731463777,0.0084289356277884,0.009055661780327172,0.6987518589335033
26,1997,1051,28.9,4.77,38.73411297440423,175543,155438,0.12306956130406795,0.23624411112946686,0.15918606837071259,0.045595666019152,0.005030106583572116,0.026432270156030148,0.1165982124037985,0.018844385706066318,0.08924309143628627,0.17053941199592124,0.267,0.337,0.419,0.756,0.37119680078385353,0.008254387813812,0.008983553887081797,0.6963763864124459
27,1996,905,28.8,5.04,39.096382884869875,177263,156801,0.12879732375058528,0.23874130529213655,0.16086831431263152,0.04505734417221868,0.004823341588487163,0.027992305218799186,0.12168360007446563,0.01827228468433909,0.09078600723219171,0.16533625178407224,0.27,0.34,0.427,0.767,0.3774222482977271,0.007920434608463131,0.00871022153523296,0.6991363115822253
28,1995,901,28.6,4.85,38.84581060981656,156704,138571,0.12478303042679191,0.23595441086379415,0.16025117418827853,0.04440218501123137,0.005258321421278334,0.02604273024300592,0.11764856034306719,0.018716816418215234,0.09087196242597509,0.16224857055340003,0.267,0.338,0.417,0.755,0.36900142944659997,0.007778997345313457,0.009495609556871554,0.703479170920972
29,1994,782,28.7,4.92,38.9009375,124483,110266,0.12653936682117237,0.2389322236771286,0.16076090711181446,0.045974149080597354,0.005639324245077641,0.026557843239639146,0.11935766329538973,0.018139022999124378,0.08941783215378807,0.1587847336584112,0.27,0.339,0.424,0.763,0.37585855096679865,0.007037105468216544,0.009696103082348594,0.7084180169179727
30,1993,900,28.4,4.6,38.46716615249009,174564,154995,0.11952063426594257,0.23537499140716298,0.16423202951353086,0.04267202859696157,0.00538484452693568,0.02308608876973488,0.11225682271258679,0.018692284778075663,0.08655851149148737,0.15071836117412524,0.265,0.332,0.403,0.736,0.35807497536720057,0.006874269608854059,0.01037441855136225,0.7222852363603034
31,1992,806,28.4,4.12,38.11609686609687,160545,142895,0.10801332959606341,0.2276246535239341,0.16255878414151795,0.040879504188856705,0.0052633218100844,0.018923043383475037,0.1014170481796381,0.020330748388302344,0.08522221184091687,0.14661309913108475,0.256,0.322,0.377,0.7,0.3357999314833847,0.006104207543056464,0.010370924039988788,0.7325858793484693
32,1991,816,28.4,4.31,38.20009505703422,160746,142968,0.11276796934293855,0.22742712104811316,0.16038968310253443,0.04043024398740871,0.0055615691836810865,0.021045624774488944,0.10605551615592301,0.019409503191370237,0.08699438866285941,0.15173005860176925,0.256,0.323,0.385,0.708,0.34211737772635087,0.005630000124419892,0.010102895250892713,0.7243974966717679
33,1990,809,28.4,4.26,38.079809976247034,160316,142768,0.1117729983283016,0.22965268594525812,0.16285960228548615,0.040707103470645475,0.005395593702437686,0.020690386486688788,0.10481798448065072,0.020521969111005765,0.0864043514059732,0.14878739489508222,0.258,0.325,0.385,0.71,0.34322213628084536,0.005370642980114275,0.00972454402554954,0.7289291149978792
34,1989,797,28.5,4.13,37.99453941120608,160033,142821,0.10875881849368568,0.22678447570188648,0.16268519617828822,0.039410621559303395,0.005423881324476827,0.019264776639818036,0.10141033411858805,0.01947098410952741,0.08453256515843607,0.14778201995838358,0.254,0.32,0.375,0.695,0.33483718982959765,0.005005217673854767,0.010160404416589079,0.7331487880624621
35,1988,769,28.3,4.14,37.94761904761905,159380,142568,0.1090475592922575,0.22740619902120718,0.16211569833103276,0.04006776257999749,0.005270422888693688,0.019952315221483247,0.1017630819425273,0.020711507089973647,0.08146567950809386,0.14653657924457272,0.254,0.318,0.378,0.696,0.3378717530430418,0.005759819299786673,0.010227130129250847,0.7359643619023717
36,1987,796,28.3,4.72,38.46128266033254,161922,144095,0.12279369078939242,0.23403243537011648,0.15901483430293598,0.041952298020034334,0.00553352848902558,0.027531774558120576,0.11556798952582108,0.022140289769148107,0.08886377391583603,0.15500673163621992,0.263,0.331,0.415,0.747,0.36964711404256373,0.005200034584553056,0.00898580798162078,0.7142204271192303
37,1986,771,28.7,4.41,38.24488825487399,160858,143106,0.11528801800345646,0.22927053674669584,0.15977445946113963,0.04047669372987355,0.0053152469880267065,0.023704136567655944,0.10814507205112583,0.020589588332566612,0.08844446654813562,0.15358887963296822,0.258,0.326,0.395,0.721,0.35149013415559066,0.005047930472839399,0.009418244662994691,0.7196533588630967
38,1985,750,28.8,4.33,38.1169757489301,160320,143075,0.11362275449101797,0.22940369261477045,0.16085329341317364,0.04006362275449102,0.006019211576846308,0.02246756487025948,0.10684256487025948,0.019317614770459082,0.08631487025948104,0.1400386726546906,0.257,0.323,0.391,0.714,0.34890843313373254,0.00436002994011976,0.009661926147704591,0.737063373253493
39,1984,762,28.6,4.26,38.13919239904988,160566,143829,0.1116114245855287,0.2328076927867668,0.16768805351070587,0.03869436867082695,0.006134549032796482,0.0202907215724375,0.10449285652006028,0.01888320067760298,0.08295654123537985,0.14012929262733081,0.26,0.323,0.385,0.708,0.34464332424049926,0.004160282998891421,0.008937134885343099,0.7433516435609033
40,1983,782,28.7,4.31,38.07847321005216,160615,143538,0.11312766553559754,0.23312268468075834,0.16589982255704636,0.040239081032282166,0.006431528811132211,0.020552252280297605,0.1062603119260343,0.02070167792547396,0.08416399464558105,0.13520530461040375,0.261,0.325,0.389,0.714,0.34788158017619775,0.004464091149643558,0.009718893005011985,0.7457398125953367
41,1982,743,28.7,4.3,38.23065970574276,161104,144149,0.11241185817856789,0.23370617737610488,0.16754394676730558,0.039204489025722516,0.0059837123845466285,0.020974029198530142,0.1056398351375509,0.019713973582282253,0.08256778230211541,0.13172236567682988,0.261,0.324,0.389,0.713,0.3478001787665111,0.004202254444334095,0.010800476710696196,0.7496399841096435
42,1981,729,28.6,4.0,37.981348637015785,105892,94467,0.10526763117138216,0.22812865938881124,0.1673119782419824,0.03777433611604276,0.006223321875118044,0.01681902315566804,0.09869489668719073,0.019085483322630603,0.0837457031692668,0.1250047217920145,0.256,0.32,0.369,0.689,0.3288067087220942,0.00438182298946096,0.011823367204321384,0.7581120386809201
43,1980,760,28.2,4.29,38.29216152019002,161210,144160,0.11198436821537125,0.2366106320947832,0.17142857142857143,0.03935860058309038,0.006674523912908629,0.019148936170212766,0.10500589293468147,0.020432975621859688,0.08181874573537622,0.12537683766515725,0.265,0.326,0.388,0.714,0.3467650890143291,0.004075429563922834,0.0116804168475901,0.7577507598784194
44,1979,723,28.0,4.46,38.221639656816016,160378,142792,0.11668059210116101,0.23638528975295864,0.16833356195986982,0.039999251767698814,0.006646796942223996,0.02140567908316602,0.10947885620222225,0.01859980795370936,0.08480589607053336,0.12492361795258701,0.265,0.33,0.397,0.727,0.3538951726546035,0.004701392959134046,0.011822070358777389,0.7522104029230942
45,1978,741,27.7,4.1,37.86679352997145,159192,141567,0.10836599829137143,0.22933313231820696,0.1654982662445349,0.038858736619930646,0.006407357153625811,0.018568772300115582,0.1011231720186944,0.018870294989697976,0.08521785014322328,0.12599879390924168,0.258,0.323,0.379,0.702,0.33671290014573596,0.004849489924116789,0.012475501281471431,0.7527199859289412
46,1977,738,27.4,4.47,38.40870185449358,161547,143975,0.11639337158845413,0.2354546973945663,0.16578457043461037,0.039870749688945016,0.007242474326357036,0.022556902944653876,0.1089218617492123,0.018675679523606135,0.08515787975016559,0.13446241651036542,0.264,0.329,0.401,0.73,0.357481104570187,0.004896407856537107,0.01091942283050753,0.7418274557868608
47,1976,706,27.6,3.99,38.06162970603404,147603,131525,0.10495721631674153,0.22762409978116976,0.17043691523885016,0.035500633455959565,0.006544582427186439,0.015141968659173595,0.09730832029159299,0.020690636369179487,0.08394815823526622,0.12699606376564163,0.255,0.32,0.361,0.681,0.321639804069023,0.004634052153411516,0.012147449577583111,0.7569493844976051
48,1975,726,27.4,4.21,38.42373319544984,148623,131473,0.10963982694468555,0.22784494997409552,0.16710065063953763,0.036622864563358296,0.005968120681186627,0.018153314090012987,0.10195595567307886,0.016982566628314596,0.09017446828552782,0.12972420150313207,0.258,0.327,0.374,0.701,0.33086399816986606,0.0051203380365084815,0.01260235629747751,0.7440436540777673
49,1974,741,27.4,4.12,38.26632390745501,148856,132256,0.10779545332401784,0.2282004084484334,0.16974122642016445,0.03497339710861504,0.005690062879561455,0.01779572204009244,0.09981458590852905,0.01671413983984522,0.08708416187456333,0.13096549685602193,0.257,0.324,0.369,0.693,0.32794109743644867,0.005199656043424518,0.011648841833718494,0.747138173805557
50,1973,710,27.7,4.21,38.290015440041174,148795,132363,0.11005746160825297,0.2285695083840183,0.16730400887126584,0.03510870660976511,0.005309318189455291,0.02084747471353204,0.10251688564803925,0.013669814173863369,0.08804059276185355,0.13681911354548204,0.257,0.325,0.379,0.704,0.33683927551329007,0.005074095231694613,0.010417016700830001,0.7386807352397594
51,1972,824,27.5,3.69,37.64792899408284,139975,124828,0.09791748526522594,0.2174245400964458,0.16075727808537238,0.03323450616181461,0.005329523129130201,0.018103232720128596,0.0910876942311127,0.012909448115734953,0.08377924629398106,0.1480121450258975,0.244,0.311,0.354,0.664,0.3156277906769066,0.00536524379353456,0.012559385604572246,0.7319807108412216
52,1971,828,27.6,3.89,37.85216718266254,146715,130544,0.1027365981665133,0.22183825784684594,0.1632075793204512,0.03360937872746481,0.005507276011314453,0.019514023787615443,0.09594792625157618,0.012030126435606447,0.08544456940326484,0.14283474763998227,0.249,0.317,0.365,0.682,0.325004259959786,0.005595883174862829,0.01228231605493644,0.734158061547899
53,1970,849,27.6,4.34,38.411265432098766,149343,132140,0.11302839771532647,0.22468411642996325,0.16046282718306182,0.035053534481026896,0.006207187481167514,0.022960567284707016,0.10554227516522367,0.012775958699102067,0.09191592508520653,0.1498161949338101,0.254,0.326,0.385,0.711,0.3410337277274462,0.005524195978385328,0.010914472054264344,0.7186610688147419
54,1969,849,27.4,4.07,38.08170606372045,148214,131287,0.10693996518547505,0.21982403821501342,0.16039645377629644,0.03265548463707882,0.005728203813404942,0.02104389598823323,0.09892452804728298,0.012481951772437152,0.09060547586597757,0.15162535253080006,0.248,0.32,0.369,0.689,0.3270676184436018,0.005950854845021388,0.011260744599025733,0.7192910251393255
55,1968,676,27.6,3.42,37.17938461538461,120833,108622,0.09193680534291129,0.2127730007531055,0.1584749199308136,0.03201939867420324,0.005768291774597999,0.016510390373490686,0.08530782153881804,0.01253796562197413,0.0757740021351783,0.15842526462141965,0.237,0.299,0.34,0.639,0.3058601540969768,0.006438638451416417,0.012471758542782187,0.7302392558324299
56,1967,718,27.4,3.77,37.6104938271605,121858,109205,0.10019859180357465,0.21717080536361996,0.15830721003134796,0.03349800587569138,0.006499368116988626,0.018866221339591985,0.09243545766383823,0.011267212657355282,0.0793136273367362,0.1593083753220962,0.242,0.306,0.357,0.664,0.3202662114920645,0.006162910929114215,0.012145283854978746,0.7240476620328579
57,1966,714,27.3,3.99,37.67894736842105,121703,109467,0.10599574373680189,0.22355241859280378,0.16042332563700154,0.03385290420121115,0.0067377139429595,0.022538474811631595,0.09858425839954643,0.011955333886592772,0.0766702546362867,0.15451550085043098,0.249,0.31,0.376,0.686,0.3384961751148287,0.00560380598670534,0.011955333886592772,0.7285029949960149
58,1965,702,27.3,3.99,37.823166974738136,122774,109738,0.10544577842214149,0.21952530666101944,0.15702021600664637,0.034201052340072,0.006410151986576963,0.02189388632772411,0.0978301594800202,0.011802173098538779,0.08174369166110089,0.15706094124163097,0.246,0.311,0.372,0.683,0.3322283219574177,0.005864433837783244,0.012119829931418705,0.7211054457784222
59,1964,700,27.4,4.04,37.8259532595326,123010,110464,0.1066905129664255,0.2249329322819283,0.1615884887407528,0.03471262498983822,0.006178359482968864,0.022453459068368424,0.09944719941468173,0.009560198357857085,0.07821315340216242,0.15618242419315503,0.25,0.313,0.378,0.69,0.3393626534428095,0.005641817738395252,0.011885212584342737,0.7253800504024063
60,1963,695,27.6,3.95,37.794008647313156,122377,109814,0.10443138825106024,0.22098106670371068,0.15893509401276384,0.033486684589424484,0.006463632872190036,0.02209565522933231,0.09726500894775979,0.010099937079680005,0.07837257000907033,0.15340300873530158,0.246,0.309,0.372,0.681,0.33368198272551214,0.005834429672242333,0.011832288747068485,0.7281270173316882
61,1962,702,27.9,4.46,38.42535471930907,124575,110688,0.1160826811157937,0.22894641782059,0.163387517559703,0.03462171382701184,0.006847280754565523,0.024089905679309652,0.10873770820790689,0.010820790688340357,0.08778647401163958,0.14101545253863135,0.258,0.326,0.393,0.719,0.34953241019466186,0.005691350592012844,0.01092514549468192,0.730210716435882
62,1961,620,28.0,4.53,38.31923076923077,109593,97032,0.11809148394514248,0.2287189875265756,0.16065807122717693,0.03627056472584928,0.006880001459947259,0.024910350113602146,0.1100526493480423,0.009544405208361847,0.09030686266458623,0.13638644803956457,0.258,0.328,0.399,0.727,0.3534806055131258,0.005228436122745066,0.011907694834524103,0.7310320914656958
63,1960,575,28.2,4.31,38.355177993527505,94814,84014,0.11247284156348218,0.2260636614845909,0.16037715949121437,0.036302655725947645,0.006939903389794756,0.022443942877634106,0.10513215347944396,0.009734849283861034,0.08842575990887422,0.13515936465078998,0.255,0.324,0.388,0.712,0.34357795262303037,0.0051469192313371446,0.01258253000611724,0.735787963802814
64,1959,571,28.5,4.38,38.27019386106623,94757,84294,0.11453507392593687,0.22833141614867503,0.16164504996992307,0.036704412338930105,0.006237006237006237,0.023744947602815623,0.1073799297149551,0.009001973468978545,0.08636828941397469,0.13301391981595026,0.257,0.324,0.392,0.716,0.34874468377006446,0.005234441782665133,0.011893580421499203,0.7393226885612673
65,1958,580,28.4,4.28,38.125506072874494,94170,83827,0.11232876712328767,0.22959541255176807,0.1628331740469364,0.03601996389508336,0.006955505999787618,0.02378676860996071,0.10571307210364235,0.007868748008920038,0.0863013698630137,0.12981841350748646,0.258,0.325,0.394,0.719,0.3508866942763088,0.0052989274715939255,0.011107571413401296,0.7434002336200488
66,1957,563,28.5,4.31,38.63238866396761,95422,84906,0.11146276540001257,0.22914003060090965,0.16343191297604326,0.03558927710590849,0.007042401123430656,0.023076439395527237,0.10503867032759741,0.008037978663201358,0.08558822912955084,0.12522269497600133,0.258,0.324,0.391,0.715,0.3480434281402612,0.005355159187608727,0.01168493638783509,0.7486952694347215
67,1956,552,28.3,4.45,38.445520581113804,95268,83856,0.11578914220934626,0.22728513246840493,0.16054708821430072,0.03504849477264139,0.0076101104253264475,0.024079439056136374,0.10843095268085821,0.00754713020111685,0.09443884620229248,0.12076457992190452,0.258,0.331,0.397,0.729,0.3497921652601083,0.005048914640802788,0.013152370155771087,0.7421274719738002
68,1955,599,28.3,4.48,38.51418152350081,95053,83590,0.11644030172640527,0.2273468486002546,0.16238309153840488,0.0342019715316718,0.007364312541424258,0.023397472988753644,0.10921275498932174,0.007301189862497765,0.09514691803520141,0.11366290385363954,0.259,0.332,0.394,0.726,0.34646986418103587,0.005323345922800963,0.012487769980957991,0.7496870167169895
69,1954,536,28.2,4.38,38.667071197411005,95585,83936,0.11327091070774703,0.22919914212481038,0.1645341842339279,0.036145838782235706,0.008254433226970758,0.020264685881675994,0.10637652351310352,0.007271015326672595,0.09449181356907464,0.1068682324632526,0.261,0.333,0.39,0.723,0.3426479050060156,0.00461369461735628,0.01393524088507611,0.7593136998483025
70,1953,534,28.4,4.61,38.48951612903226,95454,84997,0.11970163639030318,0.23528610639679845,0.1680914367129717,0.03764116747333794,0.007804806503656211,0.02174869570683261,0.11223206989754227,0.0069981352274393945,0.09095480545603117,0.1069939447273032,0.264,0.336,0.397,0.733,0.35378297399794667,0.005101933915812852,0.013042931673895279,0.7617072097554843
71,1952,556,28.6,4.18,38.276029055690074,94848,84195,0.10911142037786775,0.22427462887989202,0.16348262483130904,0.035720310391363023,0.00713773616734143,0.01793395748987854,0.10196314102564102,0.008128795546558704,0.09253753373819164,0.10943825910931174,0.253,0.327,0.37,0.696,0.32807228407557354,0.005081815114709852,0.01427547233468286,0.7603112348178138
72,1951,543,28.7,4.55,38.75746569814366,96041,85065,0.11732489249383075,0.23105756916316988,0.1669078830915963,0.03729657125602607,0.007455149363292761,0.019397965452254765,0.10957820097666622,0.009016982330463032,0.09625055965681324,0.09719807165689653,0.261,0.336,0.386,0.722,0.3414583355025458,0.004675086681729678,0.012911152528607573,0.7691194385731094
73,1950,530,28.3,4.85,38.97334410339257,96498,84823,0.12448962672801508,0.2337768658417791,0.16558892412277976,0.03848784430765404,0.008217786897137765,0.02148231051420755,0.11677962237559328,0.00673589089929325,0.10316275984994508,0.09900723331053493,0.266,0.346,0.402,0.748,0.3531472154863313,0.004518228357064395,0.012943273435718876,0.758523492714875
74,1949,532,28.5,4.61,38.80483870967742,96236,84380,0.11872895797830334,0.2303503886279563,0.16730745251257326,0.03742882081549524,0.007907643709214847,0.01770647159067293,0.1105823184671017,0.007585518932623966,0.10419177854441165,0.09301093146016044,0.263,0.344,0.384,0.728,0.3367139116339,0.0038966706845671058,0.014630699530321294,0.766085456585893
75,1948,835,28.4,4.63,38.574827586206894,111867,98670,0.1200979734863722,0.23250824639974255,0.16985348672977732,0.03834017181116862,0.009260997434453414,0.015053590424343193,0.11040789508970474,0.00984204457078495,0.09820590522674247,0.08059570740254052,0.264,0.34,0.379,0.719,0.33453118435284757,0.004067329954320756,0.015053590424343193,0.7863802551243888
76,1947,850,28.9,4.51,38.32046979865772,114195,101072,0.11764087744647314,0.23228687770918166,0.1708568676386882,0.03731336748544157,0.008932089846315513,0.015184552738736371,0.10800823153377993,0.009895354437584833,0.09507421515828189,0.08018739874775603,0.262,0.337,0.376,0.713,0.33301808310346337,0.004001926529182538,0.015464775165287447,0.7897105827750777
77,1946,953,29.2,4.17,38.203315290933695,112929,100155,0.10906852978420069,0.2278511276997051,0.17043452080510763,0.036704478034871466,0.00866030868953059,0.012051820170195432,0.09974408699271224,0.010333926626464415,0.09161508558474794,0.08587696694383197,0.257,0.329,0.359,0.688,0.31803168362422407,0.003710295849604619,0.017258631529545113,0.7889558926405087
78,1945,869,29.7,4.29,38.43511450381679,110770,98794,0.11171797418073486,0.23278866118985284,0.1777737654599621,0.03630044235803918,0.00861244019138756,0.010102013180464024,0.10184165387740363,0.010607565225241491,0.08622370677981403,0.0726279678613343,0.261,0.329,0.355,0.684,0.3166200234720592,0.003909000631940056,0.01755890584093166,0.8091541030965063
79,1944,849,29.4,4.27,38.39125946317963,111565,99933,0.11116389548693587,0.23435665307220005,0.17745708779635191,0.0378075561331959,0.008873750728274997,0.01021825841437727,0.10178819522251602,0.010092771030341056,0.08179984762246224,0.073374266122888,0.262,0.326,0.358,0.684,0.32056648590507775,0.00395285259714068,0.018061219916640524,0.8121453860977905
80,1943,829,28.8,4.13,38.24598930481283,114432,102078,0.10792435682326622,0.2282053970917226,0.17439177852348994,0.03598643736017897,0.008922329418344518,0.008904851789709171,0.09747273489932885,0.011675055928411632,0.08695994127516779,0.07466442953020135,0.256,0.324,0.346,0.671,0.30875104865771813,0.0036178691275167785,0.016699874161073824,0.8084714065995525
81,1942,811,28.1,4.17,38.14221297259799,109964,98121,0.10929031319340875,0.2256647630133498,0.17058309992361137,0.036211851151285876,0.007902586300971227,0.010967225637481358,0.1003146484303954,0.010849005128951292,0.08828343821614347,0.07570659488559893,0.253,0.322,0.348,0.67,0.31058346367902223,0.003082827107053217,0.01576879706085628,0.805627296206031
82,1941,816,27.9,4.52,38.4591732148958,112570,100185,0.11764235586746025,0.23305498800746202,0.1702407390956738,0.04011726037132451,0.009522963489384383,0.013174025051079329,0.10765745758194901,0.010402416274318201,0.09021941902816026,0.07842231500399752,0.262,0.332,0.373,0.705,0.3317402505107933,0.003757661899262681,0.01567024962245714,0.798383228213556
83,1940,833,27.9,4.77,38.48379473328832,113989,101936,0.1238979199747344,0.2390844730631903,0.17204291642176,0.04158295975927502,0.010000965005395258,0.015457631876760039,0.11345831615331303,0.011246699242909403,0.08734176104711858,0.07938485292440499,0.267,0.335,0.388,0.723,0.347042258463536,0.004167068752248024,0.013878532139066051,0.7994192422075814
84,1939,814,28.1,4.86,38.64718309859155,109758,97497,0.12586781829114962,0.2434355582281018,0.17729914903697225,0.04171905464749722,0.009621166566446182,0.014796187977186173,0.11580021501849523,0.011006031451010406,0.08801180779533155,0.07745221305052935,0.274,0.342,0.393,0.734,0.3487855099400499,0.0032161664753366497,0.019980320341114088,0.7960422019351665
85,1938,830,28.2,4.96,38.65974114441417,113505,101079,0.1284084401568213,0.24304656182547024,0.17652085811197746,0.041319765649090345,0.010396017796572838,0.014809920267829612,0.11888463063301176,0.010924628870974847,0.08915906788247213,0.07343288841901238,0.273,0.342,0.393,0.734,0.3495881238711951,0.003894101581428131,0.015981674816087397,0.802281837804502
86,1937,824,28.0,5.01,38.63507588532884,114553,102383,0.12957321065358393,0.24720435082450917,0.1785461751329079,0.04308922507485618,0.011165137534590976,0.014403813082154111,0.11897549605859296,0.011680182972074063,0.08596021055755851,0.07857498275907222,0.277,0.343,0.398,0.741,0.35583529021500965,0.003701343482929299,0.016202107321501836,0.8007821706982794
87,1936,633,28.4,5.26,39.41594827586207,109734,98011,0.13336796252756666,0.253777316055188,0.18467384766799716,0.04486303242386134,0.010124482840322963,0.014115953123006543,0.12337106092915597,0.010334080594893106,0.08602620883226712,0.07504510908196184,0.284,0.35,0.404,0.754,0.36123717352871487,0.004346875170867735,0.016047897643392203,0.8040078735852152
88,1935,660,28.3,5.04,39.07773851590106,110590,99127,0.1288633692015553,0.25089971968532415,0.18196039424902793,0.044434397323446964,0.010651957681526358,0.013852970431322904,0.11916990686318836,0.010570576001446785,0.0817705036621756,0.07237544081743376,0.28,0.343,0.4,0.743,0.3581969436657926,0.004123338457365042,0.017379509901437742,0.8101184555565603
89,1934,652,28.5,4.9,38.78113619810634,106493,95631,0.12625242973716583,0.24998826213929554,0.18312940756669452,0.044059233940258985,0.00938089827500399,0.01341872235733804,0.11756641281586583,0.010056999051580855,0.08143258242325786,0.07917891316800166,0.278,0.341,0.393,0.734,0.35306545970157666,0.0035964805198463747,0.01657385931469674,0.8054050500971894
90,1933,626,28.5,4.55,38.497073884418434,105251,94761,0.11826966014574683,0.24303807089718862,0.1796182459074023,0.04142478456261698,0.010812248814738102,0.011182791612431235,0.1094526417801256,0.010080664316728582,0.07619880096151105,0.07072616887250477,0.27,0.33,0.377,0.707,0.33963572792657554,0.0040189641903639875,0.01884067609808933,0.8184245280329878
91,1932,842,27.8,4.85,38.61397179403083,117734,106174,0.1256306589430411,0.24770244789100854,0.1792260519476107,0.04472794604787062,0.011279664328061562,0.012468785567465644,0.11475019960249376,0.011806275162654797,0.07656242037134557,0.06691355088589532,0.275,0.334,0.391,0.725,0.35239607929739925,0.0037372381809842527,0.017344182649022374,0.8224302240644163
92,1931,637,28.2,4.83,38.79873039581778,103903,93513,0.12444299009653234,0.2490784674167252,0.18093799024089777,0.04616806059497801,0.011058390999297422,0.010914025581552024,0.11498224305361732,0.011789842449207433,0.08016130429342752,0.07597470717881101,0.277,0.339,0.389,0.728,0.3501053867549541,0.004205845836982571,0.015090998334985515,0.8131141545479919
93,1930,688,27.9,5.49,38.831087742359514,118163,105723,0.14142328816973165,0.2614524004976177,0.18579419953792642,0.04689285140018449,0.013650635139595305,0.015114714419911478,0.13079390333691596,0.012804346538256477,0.07882332032869849,0.06714453763022266,0.292,0.352,0.426,0.778,0.3809906654367272,0.0036559667577837395,0.022079669608930038,0.8124624459433156
94,1929,786,28.2,5.33,38.494544382188145,130535,116184,0.13849925307388822,0.2576014095836366,0.1858352166085724,0.04534416056996208,0.012326196039376413,0.014095836365725667,0.12723024476194125,0.016508982265292835,0.08425326540774505,0.05348757038342207,0.289,0.354,0.416,0.769,0.3698854713295285,0.004129160761481595,0.020814340981345998,0.8224767303788256
95,1928,783,28.0,4.84,38.34497681607419,124046,110585,0.12621124421585542,0.2504957838221305,0.1837221675829934,0.043096915660319556,0.012068103767957049,0.011608596810860487,0.11518307724553795,0.015316898569885365,0.07755187591699854,0.05722876997242958,0.281,0.342,0.395,0.738,0.35255469745094564,0.005828482982119536,0.024079776856972414,0.8226464376118536
96,1927,821,28.0,4.84,37.989583333333336,134939,120349,0.12734643060938647,0.25152846841906346,0.1866621214030043,0.04190041426125879,0.01246489154358636,0.010501041211213955,0.11607467077716598,0.01659268261955402,0.07935437493978761,0.051052697885711325,0.282,0.344,0.392,0.736,0.3498617894011368,0.004594668702154307,0.02359584701235373,0.8303233312830242
97,1926,838,28.1,4.83,38.079262942380815,130193,115265,0.1269423087262756,0.24754787123731692,0.18257510004378116,0.042367869240281734,0.012389298963845982,0.010215602989408032,0.11485256503805888,0.017842741161199143,0.0828231932592382,0.053413009916047714,0.28,0.346,0.39,0.736,0.3453411473735147,0.006551811541327107,0.024578894410605793,0.8217108446690682
98,1925,848,27.7,5.24,38.5197030268418,134896,120809,0.1359195231882339,0.257961689004863,0.18946447633732652,0.04316658759340529,0.012461451785078875,0.012869173289052308,0.12348772387617127,0.01756909026212786,0.08112916617245879,0.04940843316332582,0.288,0.35,0.407,0.757,0.364658700035583,0.0036694935357608825,0.018940517139129403,0.833293796702645
99,1924,867,27.5,4.91,38.30852305896089,131245,117531,0.12827155320202674,0.25344965522496093,0.19069678844908378,0.04088536706160235,0.01244999809516553,0.009417501619109299,0.1143053068688331,0.01790544401691493,0.07668863575755266,0.050615261533772715,0.283,0.343,0.388,0.732,0.3474875233342223,0.005783077450569545,0.020602689626271476,0.8354756371671301
100,1923,800,27.7,5.02,38.87056683843589,128234,113501,0.1291311196718499,0.25110345150272156,0.18877208852566402,0.039755447073319086,0.012001497262816414,0.010574418640922064,0.11537501754604863,0.017382285509303305,0.07735857884804342,0.05475146996896299,0.284,0.346,0.392,0.737,0.3465851490244397,0.0063711652135938985,0.02978149320772962,0.8197825849618666
101,1922,654,28.0,5.0,38.831083305893976,117930,104403,0.12887306029000253,0.25347239888069195,0.1890104299160519,0.04046468243873484,0.012982277622318324,0.011015008903586873,0.11486475027558721,0.01727295853472399,0.0757907233104384,0.058933265496480966,0.286,0.347,0.399,0.746,0.35294666327482405,0.006503858220978547,0.03133214618841686,0.8153480878487238
102,1921,668,27.8,4.89,38.70073458958799,121172,107615,0.12623378338229954,0.25383752021919254,0.1909021886244347,0.039489320965239494,0.014120423860297758,0.009325586769220613,0.11158518469613442,0.018973030072954148,0.07157594163668174,0.05743075958142145,0.286,0.344,0.394,0.737,0.3495444492126894,0.006849767272967352,0.0318472914534711,0.8213613706136731
103,1920,673,27.7,4.39,38.28336686787391,114161,101172,0.11461006823696358,0.24169374830283546,0.18576396492672628,0.03682518548365904,0.01278895594817845,0.006315641944271686,0.09879030492024421,0.019446220688326136,0.0733700650835224,0.06348052312085563,0.273,0.333,0.365,0.697,0.3230437715156665,0.006315641944271686,0.03270819281540981,0.8164259247904275
104,1919,479,28.1,3.88,37.604651162790695,84084,74672,0.10305171019456734,0.23338566195709054,0.180854859426288,0.034750963322391894,0.012463726749441035,0.0053161124589696015,0.08828076685219542,0.024749060463346177,0.071143142571714,0.08145426002568859,0.263,0.322,0.348,0.67,0.3090124161552733,0.0063151134579706005,0.03232481803910375,0.801293944151087
105,1918,489,28.1,3.63,37.45964566929134,76118,67315,0.09702041567040648,0.2244541369978192,0.1792217346751097,0.030518405633358732,0.0116266848839959,0.0030873118053548437,0.08166268162589664,0.026314406579258518,0.07552747050631914,0.07783966998607425,0.254,0.317,0.325,0.642,0.28748784781523423,0.006056386137313119,0.0321343177697785,0.8034236317296829
106,1917,490,27.3,3.59,37.20850040096231,92798,82055,0.09643526800146555,0.219735339123688,0.17251449384685014,0.03134765835470592,0.012263195327485507,0.003609991594646436,0.0817582275480075,0.026002715575766718,0.07446281169852799,0.09353649863143602,0.249,0.311,0.324,0.635,0.28643936291730426,0.006239358606866527,0.03317959438781008,0.7870859285760469
107,1916,527,27.2,3.56,37.1523656776263,92658,81924,0.09593343262319498,0.21892335254376308,0.17015260420039285,0.03232316691489132,0.01231410131882838,0.004133480109650543,0.08129897040730429,0.02971141185866304,0.07636685445401369,0.10289451531438192,0.248,0.312,0.326,0.638,0.2882751624252628,0.006907120809859915,0.030531632454833906,0.7771266377430983
108,1915,733,27.3,3.81,37.15450643776824,138512,121704,0.10261204805359825,0.21990874436871896,0.1698336606214624,0.032719186785260486,0.012771456624696777,0.004584440337299296,0.08649070116668592,0.029643640984174657,0.08028185283585537,0.10121866697470255,0.25,0.318,0.332,0.65,0.2919241654152709,0.007327884948596512,0.032062203996765626,0.7728500057756729
109,1914,740,27.2,3.87,37.063065460351254,139283,122587,0.10432716124724482,0.22349461168986884,0.17270592965401377,0.03320577529203133,0.012485371509803781,0.005097535234019945,0.08774940229604475,0.03283243468334255,0.08000258466575245,0.10600001435925419,0.254,0.321,0.337,0.659,0.29696373570356754,0.007115010446357416,0.030068278253627508,0.7690313965092653
110,1913,582,26.8,4.04,37.279173419773095,92005,81217,0.10826585511656975,0.2284767132221075,0.17625129069072332,0.03336775175262214,0.013749252758002282,0.005108418020759741,0.09075593717732731,0.035324167164827995,0.0789848377805554,0.10089669039726101,0.259,0.325,0.345,0.67,0.3046682245530134,0.007630020107602848,0.027618064235639367,0.7767403945437747
111,1912,604,26.8,4.53,37.92694805194805,93452,82039,0.11946239780850063,0.2358322989342122,0.18072379403330052,0.03587938192869067,0.014499422163249582,0.0047297008089714505,0.10046868980867184,0.036360912554038435,0.08221332876770962,0.10362539057484056,0.269,0.337,0.359,0.695,0.3148996276163164,0.007672387963874502,0.029587381757479776,0.7695180413474297
112,1911,535,27.1,4.51,38.08852061438965,94231,82259,0.11844297524169328,0.2325561651685751,0.17841262429561397,0.03464889473740064,0.014039965616410735,0.005454680519149749,0.09888465579267969,0.03611338094682217,0.08317857180757925,0.10475321284927465,0.266,0.336,0.357,0.693,0.31164903269624644,0.008956712759070794,0.030605639333128164,0.7627426218548036
113,1910,508,27.3,3.83,37.31144915932746,93204,81551,0.10275310072529076,0.21814514398523668,0.17162353547058065,0.03020256641345865,0.012445817776061113,0.00387322432513626,0.08430968627955882,0.035030685378309945,0.079599588000515,0.10382601605081326,0.249,0.318,0.326,0.644,0.28485901892622634,0.008486760224883053,0.0324020428307798,0.7672739367409124
114,1909,504,27.6,3.54,36.894037066881545,91571,80613,0.09606753229734305,0.21466403118891353,0.17184479802557578,0.029037577398958184,0.010953249391182798,0.0028284063731967546,0.07780847648272925,0.03336209061820882,0.07103777396774087,0.10240141529523539,0.244,0.306,0.311,0.618,0.27409332648982754,0.008343252776534055,0.034028240381780255,0.7751034716231121
115,1908,440,28.6,3.38,36.618167202572344,91106,80679,0.09238688999626808,0.2116106513292209,0.16999978047549008,0.027693016925339715,0.010987201721072157,0.0029306522073189473,0.07487981033082344,0.029877285798959454,0.06432068140407876,0.0996421750488442,0.239,0.297,0.305,0.602,0.2700700283186618,0.008462669857089544,0.03546418457620793,0.7829780695014599
116,1907,419,28.7,3.52,36.64071370640713,90356,80304,0.09619726415511975,0.21803754039576786,0.17737615653636726,0.027336314135198547,0.010624640311656115,0.0027004294125459296,0.07830138563017398,0.03077825490282881,0.06752180264730621,0.09779096020186817,0.245,0.305,0.309,0.614,0.27472442339191644,0.008178759573243615,0.028797202178051266,0.78825977245562
117,1906,412,28.6,3.62,36.709453952730236,90085,80061,0.09850696564355886,0.21914858189487707,0.17588943775323307,0.02921685075206749,0.011145029694177721,0.00289726369539879,0.08080146528278848,0.03326857967475162,0.06847976910695454,0.10112671365932176,0.247,0.306,0.314,0.621,0.27934728312149637,0.008081256590997392,0.029960592773491702,0.7847033357384692
118,1905,390,28.7,3.89,37.1143896523848,91821,81842,0.10493242286622886,0.22106054170614564,0.17405604382439746,0.03112577732762658,0.012197645418803978,0.003681075135317629,0.08642903039609676,0.032084163753389745,0.0674028816937302,0.10371265832434846,0.248,0.307,0.323,0.63,0.28762483527733307,0.00890863745766219,0.027270450114897465,0.7839274240097581
119,1904,364,28.5,3.73,36.666666666666664,91520,82488,0.10163898601398601,0.22249781468531468,0.1751201923076923,0.03115166083916084,0.012609265734265735,0.003616695804195804,0.08294361888111888,0.0303868006993007,0.06097027972027972,0.1016062062937063,0.247,0.301,0.321,0.622,0.28971809440559443,0.008489947552447552,0.024246066433566433,0.7960882867132867
120,1903,368,28.4,4.44,37.65664272890485,83899,75439,0.11785599351601331,0.23571198703202662,0.18171849485691127,0.03616252875481234,0.013838067199847436,0.003992896220455548,0.09706909498325367,0.032682153541758546,0.06399361136604727,0.0941489171503832,0.262,0.317,0.346,0.664,0.31152933884790046,0.008689018939439087,0.023981215509124066,0.8010226581961645
121,1902,390,28.3,4.44,37.91838565022422,84558,76280,0.11704392251472362,0.2406632134156437,0.19135977672130372,0.03349180444192152,0.011625156697178268,0.00418647555524019,0.09766077721800422,0.03174152652617138,0.06435819201021784,0.07840772014475271,0.267,0.322,0.344,0.665,0.30996475791764233,0.008467560727547955,0.021701080914874996,0.819508503039334
122,1901,371,28.1,4.99,38.46708746618575,85320,77105,0.1297819971870605,0.24562822315986874,0.19143225503984998,0.03435302390998594,0.014510079699953118,0.0053328645100797,0.10707923112986405,0.033415377402719174,0.06405297702766057,0.0817627754336615,0.272,0.327,0.36,0.686,0.325,0.009728082512892639,0.019596812001875293,0.8166197843413033
123,1900,188,28.5,5.22,38.27904929577465,43485,39132,0.13641485569736692,0.2512360584109463,0.19850523168908818,0.03293089571116477,0.013958836380361044,0.005841094630332298,0.11323444866045763,0.038771990341497066,0.06977118546625273,0.061653443716223985,0.279,0.339,0.366,0.705,0.32960791077383006,0.011797171438427043,0.018535127055306428,0.8324019776934575
124,1899,310,28.0,5.25,38.01085776330076,70016,62846,0.1381398537477148,0.25338494058500916,0.20248228976234003,0.0314356718464351,0.014439556672760511,0.005027422303473492,0.11421675045703839,0.038105575868372946,0.0711123171846435,0.05497314899451554,0.282,0.343,0.366,0.71,0.3287819926873857,0.012397166361974406,0.018895680987202925,0.8375942641681902
125,1898,299,28.1,4.96,38.02391304347826,69964,62661,0.1304813904293637,0.24233891715739522,0.19535761248642158,0.029843919730146933,0.012863758504373678,0.0042736264364530326,0.10905608598707907,0.029572351495054598,0.0727802870047453,0.06035961351552227,0.271,0.334,0.347,0.681,0.3107312332056486,0.01236350122920359,0.01923846549654108,0.8309845063175347
126,1897,263,28.1,5.91,39.201982651796776,63272,56663,0.15071437602731066,0.26112656467315715,0.20337590087242383,0.0366986976861803,0.015235807308129979,0.005816158806423062,0.1266595018333544,0.042751928183082565,0.0747408016184094,0.05893602225312935,0.292,0.354,0.386,0.74,0.3457453533948666,0.011853584523960046,0.01785940068276647,0.8307940321153117
127,1896,272,28.1,6.04,39.28661616161616,62230,55577,0.15362365418608387,0.25937650650811506,0.20191226096737908,0.034806363490278,0.01616583641330548,0.006492045637152498,0.129278483046762,0.049156355455568054,0.07800096416519364,0.05661256628635706,0.29,0.354,0.387,0.742,0.3459906797364615,0.010220151052547003,0.018688735336654348,0.8299855375220955
128,1895,284,27.9,6.6,39.88268506900878,63573,56788,0.16538467588441633,0.2646878391770091,0.20335677095622356,0.03797209507180721,0.01568275840372485,0.007676214745253488,0.13851792427602913,0.04553820017932141,0.08053733503216774,0.05695814260771082,0.296,0.361,0.4,0.761,0.3570540952920265,0.010507605429978136,0.01568275840372485,0.828637943781165
129,1894,264,27.8,7.39,40.85526315789474,65205,57577,0.18090637221072003,0.27312322674641515,0.20131891726094625,0.042220688597500194,0.01993712138639675,0.009646499501571966,0.15310175600030673,0.04827850624952074,0.09002377118319148,0.0511157119852772,0.309,0.379,0.435,0.814,0.38415765662142476,0.009232420826623726,0.017728701786672803,0.8222528947166629
